<?xml version="1.0" encoding="UTF-8"?>
<actor PGFVersion="0.19" id="id777135" GSCVersion="00.00.00.220"><attributes><text id="name">send</text><real id="time">0</real><point id="position"><real id="x">0</real><real id="y">0</real></point><size id="size"><real id="width">100</real><real id="height">100</real></size><angle id="rotation">0</angle><color id="color"><real id="red">1</real><real id="green">1</real><real id="blue">1</real><real id="alpha">1</real></color><image id="image"></image><text id="tags"></text><boolean id="preloadArt">true</boolean></attributes><behaviors><behavior id="id606318" class="DisplayTextBehavior" enabled="true"><attributes><text id="name">displayText</text><text id="bundleName">DisplayText.behavior</text><text id="text">send</text><text id="font">Arial</text><real id="size">10</real><index id="alignment">1</index><boolean id="wrap">false</boolean><color id="color"><real id="red">0.098039217293262</real><real id="green">0.098039217293262</real><real id="blue">0.098039217293262</real><real id="alpha">1</real></color></attributes></behavior><behavior enabled="true" id="id473858" class="RuleBehavior"><attributes><text id="name">sendOnTouch</text><text id="bundleName">Rule.behavior</text><real id="compoundConditionKind">0</real></attributes><conditions><condition id="id882696" pluginPredicateTypeIndex="0" eventType="touch"><attributes><index id="conditionType">0</index></attributes><predicate type="touch" conditionType="pressed"><attributes/></predicate></condition></conditions><behaviors><behavior id="id898295" class="TimerBehavior" enabled="true"><attributes><text id="name">Timer</text><text id="bundleName">Timer.behavior</text><index id="timerType">1</index><real id="interval">0.1</real><boolean id="runToCompletion">true</boolean></attributes><behaviors><behavior id="id582246" class="NetworkSendTableToURLAction" enabled="true"><attributes><text id="name">Network Send Table To URL</text><text id="bundleName">NetworkSendTableToURL.behavior</text><text id="callbackAttribute">game.attributes.id436555</text><text id="url"><expression><reference keypath="game.attributes.id365361"/></expression></text><text id="dataTable"><expression><reference keypath="game.attributes.id911451"/></expression></text></attributes></behavior></behaviors></behavior></behaviors><elseBehaviors/></behavior></behaviors><aspects><graphics><attributes><boolean id="visible">true</boolean><enumeration id="blendingMode">0</enumeration><enumeration id="horizontalWrap">0</enumeration><enumeration id="verticalWrap">0</enumeration><enumeration id="horizontalAnchor">0</enumeration><enumeration id="verticalAnchor">0</enumeration><boolean id="flipHorizontally">false</boolean><boolean id="flipVertically">false</boolean><integer id="tileWidth">0</integer><integer id="tileHeight">0</integer></attributes></graphics><motion><attributes><point id="linearVelocity"><real id="x">0</real><real id="y">0</real></point><real id="angularVelocity">0</real><real id="maxSpeed">0</real><boolean id="applyMaxSpeed">false</boolean></attributes></motion><physics><attributes><real id="density">1</real><real id="friction">3</real><real id="restitution">1</real><boolean id="fixedRotation">false</boolean><boolean id="movable">true</boolean><enumeration id="collisionShape">0</enumeration><real id="drag">0</real><real id="angularDrag">0</real></attributes></physics></aspects></actor>
