<?xml version="1.0" encoding="UTF-8"?>
<actor PGFVersion="0.19" id="id144414" GSCVersion="00.00.00.220"><attributes><text id="name">displayTableValue</text><real id="time">0</real><point id="position"><real id="x">0</real><real id="y">0</real></point><size id="size"><real id="width">100</real><real id="height">100</real></size><angle id="rotation">0</angle><color id="color"><real id="red">1</real><real id="green">1</real><real id="blue">1</real><real id="alpha">1</real></color><image id="image"></image><text id="tags"></text><boolean id="preloadArt">true</boolean><integer name="row" id="id620985">0</integer></attributes><behaviors><behavior id="id205877" class="DisplayTextBehavior" enabled="true"><attributes><text id="name">Display Text</text><text id="bundleName">DisplayText.behavior</text><text id="text"><expression><string>tableCellValue(</string><reference keypath="game.attributes.id911451"/><string>,</string><reference keypath="self.attributes.id620985"/><string>,1)..&quot;:&quot;..</string><string>tableCellValue(</string><reference keypath="game.attributes.id911451"/><string>,</string><reference keypath="self.attributes.id620985"/><string>,2)..&quot;:&quot;..</string><string>tableCellValue(</string><reference keypath="game.attributes.id911451"/><string>,</string><reference keypath="self.attributes.id620985"/><string>,3)</string></expression></text><text id="font">Arial</text><real id="size">18</real><index id="alignment">1</index><boolean id="wrap">false</boolean><color id="color"><real id="red">0</real><real id="green">0</real><real id="blue">0</real><real id="alpha">1</real></color></attributes></behavior></behaviors><aspects><graphics><attributes><boolean id="visible">true</boolean><enumeration id="blendingMode">0</enumeration><enumeration id="horizontalWrap">0</enumeration><enumeration id="verticalWrap">0</enumeration><enumeration id="horizontalAnchor">0</enumeration><enumeration id="verticalAnchor">0</enumeration><boolean id="flipHorizontally">false</boolean><boolean id="flipVertically">false</boolean><integer id="tileWidth">0</integer><integer id="tileHeight">0</integer></attributes></graphics><motion><attributes><point id="linearVelocity"><real id="x">0</real><real id="y">0</real></point><real id="angularVelocity">0</real><real id="maxSpeed">0</real><boolean id="applyMaxSpeed">false</boolean></attributes></motion><physics><attributes><real id="density">1</real><real id="friction">3</real><real id="restitution">1</real><boolean id="fixedRotation">false</boolean><boolean id="movable">true</boolean><enumeration id="collisionShape">0</enumeration><real id="drag">0</real><real id="angularDrag">0</real></attributes></physics></aspects></actor>
