<?xml version="1.0" encoding="UTF-8"?>
<game GSCVersion="00.00.00.220" PGFVersion="0.19" title="My Great Project"><resolutionIndependence>0</resolutionIndependence><instructions>Add game instructions here.</instructions><resolution>13</resolution><scenes><scene id="id269551" label="Initial Scene"/></scenes><longDescription>A tabula rasa, a blank slate on which one may create a masterpiece.</longDescription><prototypes><actor id="id171271"/><actor id="id777135"/><actor id="id844001"/><actor id="id112787"/><actor id="id152146"/><actor id="id611941"/><actor id="id652920"/><actor id="id144414"/><actor id="id552139"/></prototypes><plugins><attributes id="playhaven"/><attributes id="qqgamecenter"><boolean id="enabled">false</boolean></attributes></plugins><networkEnabled>99</networkEnabled><attributes><text id="name">default name</text><real id="time">0</real><size id="displaySize"><real id="width">320</real><real id="height">568</real></size><text id="actorTags"></text><integer name="sendTable" id="id436555">0</integer><table name="tblTestData" id="id911451">tblTestData</table><text name="sendURL" id="id365361">http://localhost:8888/MAMP/asyncTest.php</text><integer name="networkConnect" id="id630400">0</integer><integer name="receiveTable" id="id871132">0</integer><text name="receiveURL" id="id535810">http://localhost:8888/MAMP/asyncTest.php</text></attributes></game>
