<?xml version="1.0" encoding="UTF-8"?>
<scene id="id269551" GSCVersion="00.00.00.220" PGFVersion="0.19"><layers><layer id="id112326"><actors><actor id="id998131" prototype="id777135"><attributes><point id="position"><real id="x">57.234375</real><real id="y">22.314453125</real></point><size id="size"><real id="width">100</real><real id="height">34.05859375</real></size></attributes><aspects/></actor><actor id="id442718" prototype="id844001"><attributes><point id="position"><real id="x">265.8984375</real><real id="y">19.23046875</real></point><size id="size"><real id="width">100</real><real id="height">31.2421875</real></size></attributes><aspects/></actor><actor id="id845215" prototype="id152146"><attributes><point id="position"><real id="x">160.193359375</real><real id="y">546.19134521484</real></point><size id="size"><real id="width">315.4921875</real><real id="height">29.80859375</real></size></attributes><aspects/></actor><actor id="id943092" prototype="id112787"><attributes><point id="position"><real id="x">264.9609375</real><real id="y">56.466796875</real></point><size id="size"><real id="width">100</real><real id="height">33.75390625</real></size></attributes><aspects/></actor><actor id="id125608" prototype="id144414"><attributes><point id="position"><real id="x">158.04296875</real><real id="y">408.248046875</real></point><size id="size"><real id="width">314.1875</real><real id="height">50.68359375</real></size><integer name="row" id="id620985">1</integer></attributes><aspects/></actor><actor id="id592854" prototype="id144414"><attributes><point id="position"><real id="x">158.23046875</real><real id="y">352.681640625</real></point><size id="size"><real id="width">314.1875</real><real id="height">50.68359375</real></size><integer name="row" id="id620985">2</integer></attributes><aspects/></actor><actor id="id508395" prototype="id144414"><attributes><point id="position"><real id="x">158.23046875</real><real id="y">296.423828125</real></point><size id="size"><real id="width">314.1875</real><real id="height">50.68359375</real></size><integer name="row" id="id620985">3</integer></attributes><aspects/></actor><actor id="id578741" prototype="id611941"><attributes><point id="position"><real id="x">158.37890625</real><real id="y">506.453125</real></point><size id="size"><real id="width">315.4921875</real><real id="height">37.6171875</real></size></attributes><aspects/></actor><actor id="id600921" prototype="id552139"><attributes><point id="position"><real id="x">161.14453125</real><real id="y">54.21484375</real></point></attributes><aspects/></actor><actor id="id570843" prototype="id144414"><attributes><point id="position"><real id="x">158.78125</real><real id="y">241.736328125</real></point><size id="size"><real id="width">314.1875</real><real id="height">50.68359375</real></size><integer name="row" id="id620985">4</integer></attributes><aspects/></actor><actor id="id888508" prototype="id144414"><attributes><point id="position"><real id="x">158.796875</real><real id="y">187.560546875</real></point><size id="size"><real id="width">314.1875</real><real id="height">50.68359375</real></size><integer name="row" id="id620985">5</integer></attributes><aspects/></actor><actor id="id829637" prototype="id144414"><attributes><point id="position"><real id="x">159.1015625</real><real id="y">132.732421875</real></point><size id="size"><real id="width">314.1875</real><real id="height">50.68359375</real></size><integer name="row" id="id620985">6</integer></attributes><aspects/></actor></actors><attributes><text id="name">Background</text><boolean id="scrollable">true</boolean></attributes></layer></layers><attributes><text id="name">Initial Scene</text><real id="time">0</real><size id="size"><real id="width">568</real><real id="height">568</real></size><boolean id="wrapX">false</boolean><boolean id="wrapY">false</boolean><point id="gravity"><real id="x">0</real><real id="y">0</real></point><color id="color"><real id="red">0</real><real id="green">0</real><real id="blue">0</real><real id="alpha">1</real></color><rect id="camera"><point id="origin"><real id="x">0</real><real id="y">0</real></point><size id="size"><real id="width">320</real><real id="height">568</real></size><size id="trackingArea"><real id="width">240</real><real id="height">488</real></size><real id="rotation">0</real></rect><attributes id="autorotate"><boolean id="landscapeLeft">false</boolean><boolean id="portrait">true</boolean><boolean id="landscapeRight">false</boolean><boolean id="portraitUpsideDown">false</boolean></attributes></attributes></scene>
